year,mean,median,count,count_over30days,pct_over30days,count_over60days,pct_over60days,count_over90days,pct_over90days,count_over120days,pct_over120days,count_over180days,pct_over180days,count_over1year,pct_over1year
2020,81,64,227668,178428,0.7837201539083226,121471,0.5335444594760792,69926,0.3071402217263735,39882,0.17517613366832405,17021,0.07476237328039075,2673,0.011740780434668025
2021,89,70,226225,180047,0.795875787379821,129452,0.5722267653884408,80056,0.353877776549895,46481,0.20546358713670018,19924,0.08807161012266548,4074,0.018008619736987513
Pending,140,127,64129,56693,0.8840462193391445,48346,0.7538866971261052,41317,0.644279499134557,33729,0.5259554959534688,20942,0.3265605264388966,74,0.0011539241216922142
