year,mean,median,count,count_over30days,pct_over30days,count_over60days,pct_over60days,count_over90days,pct_over90days,count_over120days,pct_over120days,count_over180days,pct_over180days,count_over1year,pct_over1year
2020,79,62,255800,196202,0.7670132916340892,131993,0.5160007818608288,75659,0.29577404222048476,43154,0.16870211102423768,18413,0.07198201720093823,2841,0.011106333072713057
2021,86,66,253615,195512,0.7709007747964435,138291,0.5452792618733119,84691,0.33393529562525875,49135,0.19373854070145693,21286,0.0839303668947026,4292,0.016923289237623956
Pending,149,140,72480,65044,0.8974061810154526,56697,0.7822433774834437,49668,0.6852649006622517,41259,0.5692466887417219,26243,0.3620722958057395,74,0.0010209713024282561
